{"loss_train": 0.6072362661361694, "loss_validation": 0.5938518643379211, "_timestamp": 1700802291.587935, "_runtime": 15.197556972503662, "_step": 1449, "_wandb": {"runtime": 14}}