{"loss_train": 70.0, "loss_validation": 72.22222137451172, "_timestamp": 1700802637.450693, "_runtime": 1.1330268383026123, "_step": 5, "_wandb": {"runtime": 0}}