{"loss_train": 0.5925890207290649, "loss_validation": 0.590354859828949, "_timestamp": 1700800918.2744722, "_runtime": 1.1063511371612549, "_step": 23, "_wandb": {"runtime": 0}}