{"loss_train": 0.5651794672012329, "loss_validation": 0.5849828124046326, "_timestamp": 1700802710.7987182, "_runtime": 1.049058198928833, "_step": 12, "_wandb": {"runtime": 0}}