{"loss_train": 0.57587069272995, "loss_validation": 0.5898633599281311, "_timestamp": 1700802543.9573233, "_runtime": 1.7218823432922363, "_step": 19, "_wandb": {"runtime": 0}}