{"loss_train": 0.9320951104164124, "loss_validation": 27.77777862548828, "_timestamp": 1700800896.877249, "_runtime": 4.406330108642578, "_step": 522, "_wandb": {"runtime": 3}}