{"loss_train": 0.1408083140850067, "loss_validation": 0.6605689525604248, "_timestamp": 1700802842.5331516, "_runtime": 18.775640726089478, "_step": 1999, "_wandb": {"runtime": 17}}