{"loss_train": 0.6088384985923767, "loss_validation": 0.5851600170135498, "_timestamp": 1700801970.0483751, "_runtime": 1.1327030658721924, "_step": 25, "_wandb": {"runtime": 0}}