{"loss_train": 0.7584700584411621, "loss_validation": 0.5917373895645142, "_timestamp": 1700802022.4862492, "_runtime": 1.3335943222045898, "_step": 17, "_wandb": {"runtime": 0}}