{"loss_train": 68.18181610107422, "loss_validation": 72.22222137451172, "_timestamp": 1700802576.516055, "_runtime": 1.647942066192627, "_step": 19, "_wandb": {"runtime": 0}}