{"loss_train": 0.6569610238075256, "loss_validation": 0.5930331349372864, "_timestamp": 1700802267.007676, "_runtime": 1.099890947341919, "_step": 10, "_wandb": {"runtime": 0}}