{"loss_train": 24.324323654174805, "loss_validation": 27.77777862548828, "_timestamp": 1700802785.5970185, "_runtime": 2.6129095554351807, "_step": 260, "_wandb": {"runtime": 1}}