{"loss_train": 26.229507446289062, "loss_validation": 27.77777862548828, "_timestamp": 1700801022.5192084, "_runtime": 1.0620453357696533, "_step": 9, "_wandb": {"runtime": 0}}