{"loss_train": 0.6502339839935303, "loss_validation": 3.311154365539551, "_timestamp": 1700803038.9696202, "_runtime": 1.2313323020935059, "_step": 18, "_wandb": {"runtime": 0}}