{"loss_train": 0.5672100186347961, "loss_validation": 0.600458025932312, "_timestamp": 1700800479.291558, "_runtime": 1.3811631202697754, "_step": 4, "_wandb": {"runtime": 0}}