{"loss_train": 26.984127044677734, "loss_validation": 27.77777862548828, "_timestamp": 1700802439.8510098, "_runtime": 1.0199987888336182, "_step": 6, "_wandb": {"runtime": 0}}