{"loss_train": 0.7310354113578796, "loss_validation": 0.8420548439025879, "_timestamp": 1700800709.754064, "_runtime": 1.3038911819458008, "_step": 10, "_wandb": {"runtime": 0}}