{"epoch": 917, "loss_train": 0.004218362737447023, "loss_validation": 0.25166985392570496, "_timestamp": 1700186966.3130834, "_runtime": 24.83078646659851, "_step": 917, "_wandb": {"runtime": 23}}