{"epoch": 949, "loss_train": 0.016362585127353668, "loss_validation": 0.259721577167511, "_timestamp": 1700186418.7786038, "_runtime": 41.28212571144104, "_step": 949, "_wandb": {"runtime": 40}}