{"loss_train": 33.33333206176758, "loss_validation": 27.77777862548828, "_timestamp": 1700800802.648432, "_runtime": 1.1173410415649414, "_step": 4, "_wandb": {"runtime": 0}}