{"loss_train": 0.5645561218261719, "loss_validation": 0.5902359485626221, "_timestamp": 1700802871.8591425, "_runtime": 1.0458345413208008, "_step": 11, "_wandb": {"runtime": 0}}