{"loss_train": 3.5770764350891113, "loss_validation": 0.7505013942718506, "_timestamp": 1700802492.0028157, "_runtime": 1.0987358093261719, "_step": 17, "_wandb": {"runtime": 0}}