{"loss_train": 0.6408478617668152, "loss_validation": 0.5894474387168884, "_timestamp": 1700800468.6762352, "_runtime": 1.344581127166748, "_step": 38, "_wandb": {"runtime": 0}}