{"loss_train": 0.6550072431564331, "loss_validation": 0.6478447318077087, "_timestamp": 1700802429.967997, "_runtime": 1.1813721656799316, "_step": 14, "_wandb": {"runtime": 0}}