{"loss_train": 0.6465566754341125, "loss_validation": 0.5896763205528259, "_timestamp": 1700800872.7616136, "_runtime": 1.2634716033935547, "_step": 8, "_wandb": {"runtime": 0}}