{"loss_train": 29.41176414489746, "loss_validation": 27.77777862548828, "_timestamp": 1700802721.2617657, "_runtime": 1.1775636672973633, "_step": 24, "_wandb": {"runtime": 0}}