{"loss_train": 0.01449942123144865, "loss_validation": 0.22322377562522888, "_timestamp": 1700707998.6395662, "_runtime": 22.062251091003418, "_step": 617, "_wandb": {"runtime": 21}}