{"loss_train": 0.7281036376953125, "loss_validation": 0.8605311512947083, "_timestamp": 1700800751.208873, "_runtime": 1.0481560230255127, "_step": 8, "_wandb": {"runtime": 0}}