{"loss_train": 0.6672587990760803, "loss_validation": 0.5910931825637817, "_timestamp": 1700802647.8661833, "_runtime": 1.0138602256774902, "_step": 9, "_wandb": {"runtime": 0}}