{"loss_train": 0.6430850028991699, "loss_validation": 0.6318883299827576, "_timestamp": 1700800760.8060586, "_runtime": 1.2220215797424316, "_step": 7, "_wandb": {"runtime": 0}}