{"loss_train": 0.6398509740829468, "loss_validation": 0.590617835521698, "_timestamp": 1700800928.8099477, "_runtime": 1.1657848358154297, "_step": 16, "_wandb": {"runtime": 0}}