{"epoch": 31, "loss_train": 0.26613739132881165, "loss_validation": 0.60283362865448, "_timestamp": 1700234987.3589783, "_runtime": 2.1095361709594727, "_step": 31, "_wandb": {"runtime": 8}}