{"epoch": 617, "loss_train": 0.01449942123144865, "loss_validation": 0.22322377562522888, "_timestamp": 1700194030.7742586, "_runtime": 17.798946619033813, "_step": 617, "_wandb": {"runtime": 5472}}