{"epoch": 917, "loss_train": 0.004218362737447023, "loss_validation": 0.25166985392570496, "_timestamp": 1700185932.0676963, "_runtime": 35.324124336242676, "_step": 917, "_wandb": {"runtime": 33}}