{"loss_train": 0.6910848617553711, "loss_validation": 1.5324102640151978, "_timestamp": 1700802142.1965954, "_runtime": 1.0565564632415771, "_step": 21, "_wandb": {"runtime": 0}}