{"loss_train": 0.6369375586509705, "loss_validation": 0.6294734477996826, "_timestamp": 1700802215.0539582, "_runtime": 1.4480581283569336, "_step": 21, "_wandb": {"runtime": 0}}