{"loss_train": 0.6329871416091919, "loss_validation": 0.9657124876976013, "_timestamp": 1700800959.613914, "_runtime": 1.1175739765167236, "_step": 10, "_wandb": {"runtime": 0}}