{"loss_train": 0.743557870388031, "loss_validation": 0.7751995921134949, "_timestamp": 1700802450.206734, "_runtime": 1.1090660095214844, "_step": 28, "_wandb": {"runtime": 0}}