{"loss_train": 0.0, "loss_validation": 27.77777862548828, "_timestamp": 1700802246.8330657, "_runtime": 2.0020387172698975, "_step": 22, "_wandb": {"runtime": 0}}