{"loss_train": 0.5706432461738586, "loss_validation": 0.591175377368927, "_timestamp": 1700802752.839332, "_runtime": 1.1818981170654297, "_step": 22, "_wandb": {"runtime": 0}}