{"loss_train": 0.5893169641494751, "loss_validation": 0.5947758555412292, "_timestamp": 1700802944.442081, "_runtime": 1.09791898727417, "_step": 12, "_wandb": {"runtime": 0}}