{"loss_train": 0.6388247013092041, "loss_validation": 0.5948188900947571, "_timestamp": 1700802763.6868072, "_runtime": 1.203707218170166, "_step": 19, "_wandb": {"runtime": 0}}