{"loss_train": 0.6215057969093323, "loss_validation": 0.6196116805076599, "_timestamp": 1700801012.251914, "_runtime": 1.2018611431121826, "_step": 19, "_wandb": {"runtime": 0}}