{"epoch": 5, "loss_train": 0.23512175679206848, "loss_validation": 0.5832909941673279, "_timestamp": 1700189149.679688, "_runtime": 1.4377830028533936, "_step": 5, "_wandb": {"runtime": 0}}