{"epoch": 917, "loss_train": 0.004218362737447023, "loss_validation": 0.25166985392570496, "both_losses": [0.004218362737447023, 0.25166985392570496], "_timestamp": 1700187061.429948, "_runtime": 25.986415147781372, "_step": 917, "_wandb": {"runtime": 24}}