{"loss_train": 0.5998625755310059, "loss_validation": 0.6632171273231506, "_timestamp": 1700801136.5593846, "_runtime": 1.0427076816558838, "_step": 7, "_wandb": {"runtime": 0}}