{"loss_train": 0.613334059715271, "loss_validation": 0.5999244451522827, "_timestamp": 1700800816.689885, "_runtime": 4.842818975448608, "_step": 489, "_wandb": {"runtime": 3}}