{"epoch": 16, "loss_train": 0.24722792208194733, "loss_validation": 0.577366828918457, "_timestamp": 1700188606.1220322, "_runtime": 2.1794352531433105, "_step": 16, "_wandb": {"runtime": 0}}