{"loss_train": 0.6563690304756165, "loss_validation": 0.5976861119270325, "_timestamp": 1700802616.8346999, "_runtime": 1.0620319843292236, "_step": 23, "_wandb": {"runtime": 0}}