{"loss_train": 0.612638533115387, "loss_validation": 0.589119017124176, "_timestamp": 1700802882.6240575, "_runtime": 1.1766424179077148, "_step": 22, "_wandb": {"runtime": 0}}