{"loss_train": 0.5826784372329712, "loss_validation": 0.5978261232376099, "_timestamp": 1700801054.187379, "_runtime": 1.1273529529571533, "_step": 21, "_wandb": {"runtime": 0}}