{"loss_train": 0.5720537900924683, "loss_validation": 0.6011462807655334, "_timestamp": 1700802418.8855143, "_runtime": 1.0873143672943115, "_step": 25, "_wandb": {"runtime": 0}}