{"loss_train": 0.5691794157028198, "loss_validation": 0.5950894951820374, "_timestamp": 1700802850.8983319, "_runtime": 1.3091459274291992, "_step": 20, "_wandb": {"runtime": 0}}