{"loss_train": 0.5423836708068848, "loss_validation": 0.5978773832321167, "_timestamp": 1700802304.1486144, "_runtime": 1.2806904315948486, "_step": 12, "_wandb": {"runtime": 0}}