{"loss_train": 0.6154358983039856, "loss_validation": 0.5921722054481506, "_timestamp": 1700800829.6521404, "_runtime": 1.1069703102111816, "_step": 17, "_wandb": {"runtime": 0}}