{"loss_train": 0.6072628498077393, "loss_validation": 0.5905465483665466, "_timestamp": 1700802668.9067438, "_runtime": 1.1941337585449219, "_step": 18, "_wandb": {"runtime": 0}}