{"loss_train": 23.9782657623291, "loss_validation": 18.327890396118164, "_timestamp": 1700800510.397179, "_runtime": 1.2101659774780273, "_step": 25, "_wandb": {"runtime": 0}}