{"loss_train": 25.581396102905273, "loss_validation": 4.369586944580078, "_timestamp": 1700800792.764987, "_runtime": 1.0163578987121582, "_step": 4, "_wandb": {"runtime": 0}}