{"epoch": 916, "loss_train": 0.003970149904489517, "loss_validation": 0.2577241361141205, "_timestamp": 1700187614.4374397, "_runtime": 27.48477077484131, "_step": 916, "_wandb": {"runtime": 26}}