{"loss_train": 23.913043975830078, "loss_validation": 27.77777862548828, "_timestamp": 1700802173.1977284, "_runtime": 1.1568934917449951, "_step": 15, "_wandb": {"runtime": 0}}