{"loss_train": 26.923076629638672, "loss_validation": 27.77777862548828, "_timestamp": 1700800907.9203842, "_runtime": 1.1009950637817383, "_step": 14, "_wandb": {"runtime": 0}}