{"loss_train": 0.5657394528388977, "loss_validation": 0.5904911756515503, "_timestamp": 1700802324.880346, "_runtime": 1.1014151573181152, "_step": 22, "_wandb": {"runtime": 0}}