{"epoch": 741, "loss_train": 0.011890093795955181, "loss_validation": 0.21950359642505646, "_timestamp": 1700188373.6579528, "_runtime": 20.507413864135742, "_step": 741, "_wandb": {"runtime": 19}}