{"loss_train": 0.5955191254615784, "loss_validation": 0.5832590460777283, "_timestamp": 1700800625.8883739, "_runtime": 1.2839689254760742, "_step": 69, "_wandb": {"runtime": 0}}