{"loss_train": 37.5, "loss_validation": 27.77777862548828, "_timestamp": 1700800771.9536204, "_runtime": 1.015911340713501, "_step": 7, "_wandb": {"runtime": 0}}