{"loss_train": 0.6667780876159668, "loss_validation": 0.6548716425895691, "_timestamp": 1700800699.1202483, "_runtime": 1.092921257019043, "_step": 17, "_wandb": {"runtime": 0}}