{"loss_train": 33.33333206176758, "loss_validation": 27.77777862548828, "_timestamp": 1700802975.5138648, "_runtime": 1.0558476448059082, "_step": 6, "_wandb": {"runtime": 0}}