{"loss_train": 0.6118475198745728, "loss_validation": 0.6131031513214111, "_timestamp": 1700802183.7779398, "_runtime": 1.11049485206604, "_step": 20, "_wandb": {"runtime": 0}}