{"loss_train": 0.6265382170677185, "loss_validation": 0.6354060769081116, "_timestamp": 1700802892.8773746, "_runtime": 1.0080857276916504, "_step": 14, "_wandb": {"runtime": 0}}