{"loss_train": 0.6633009314537048, "loss_validation": 0.5926180481910706, "_timestamp": 1700802377.1308944, "_runtime": 1.2130844593048096, "_step": 11, "_wandb": {"runtime": 0}}