{"loss_train": 0.5528854131698608, "loss_validation": 0.591770589351654, "_timestamp": 1700801147.3153794, "_runtime": 1.499873399734497, "_step": 51, "_wandb": {"runtime": 0}}