{"epoch": 999, "loss_train": 0.01982526294887066, "loss_validation": 0.23721934854984283, "_timestamp": 1700188091.0177536, "_runtime": 27.378315687179565, "_step": 999, "_wandb": {"runtime": 26}}