{"loss_train": 70.0, "loss_validation": 72.22222137451172, "_timestamp": 1700802805.1451046, "_runtime": 1.4711737632751465, "_step": 3, "_wandb": {"runtime": 0}}