{"loss_train": 0.6564353108406067, "loss_validation": 0.6464207768440247, "_timestamp": 1700802481.3040118, "_runtime": 1.0864837169647217, "_step": 8, "_wandb": {"runtime": 0}}