{"loss_train": 0.6410982608795166, "loss_validation": 0.5892568230628967, "_timestamp": 1700802814.707049, "_runtime": 1.2807538509368896, "_step": 13, "_wandb": {"runtime": 0}}