{"loss_train": 0.5839084386825562, "loss_validation": 0.5895273685455322, "_timestamp": 1700802054.426582, "_runtime": 1.2644901275634766, "_step": 73, "_wandb": {"runtime": 0}}