{"epoch": 999, "loss_train": 0.011305042542517185, "loss_validation": 0.2229933738708496, "_timestamp": 1700187985.0722065, "_runtime": 29.90490961074829, "_step": 999, "_wandb": {"runtime": 28}}