{"loss_train": 0.6535424590110779, "loss_validation": 0.6293671727180481, "_timestamp": 1700800636.3687732, "_runtime": 1.1559453010559082, "_step": 15, "_wandb": {"runtime": 0}}