{"loss_train": 0.6502647995948792, "loss_validation": 0.6420643925666809, "_timestamp": 1700801086.4530778, "_runtime": 2.441319704055786, "_step": 106, "_wandb": {"runtime": 1}}