{"loss_train": 100.0, "loss_validation": 72.22222137451172, "_timestamp": 1700801106.2635276, "_runtime": 1.4939227104187012, "_step": 18, "_wandb": {"runtime": 0}}