{"loss_train": 0.7469989061355591, "loss_validation": 0.6472182869911194, "_timestamp": 1700803059.0369215, "_runtime": 1.220630407333374, "_step": 16, "_wandb": {"runtime": 0}}