{"loss_train": 25.374099731445312, "loss_validation": 50.688255310058594, "_timestamp": 1700802554.487752, "_runtime": 1.2145140171051025, "_step": 16, "_wandb": {"runtime": 0}}