{"epoch": 11, "loss_train": 0.2465759515762329, "loss_validation": 0.5799278020858765, "_timestamp": 1700188586.1213121, "_runtime": 1.6495652198791504, "_step": 11, "_wandb": {"runtime": 0}}