{"loss_train": 63.184043884277344, "loss_validation": 60.76553726196289, "_timestamp": 1700801095.595356, "_runtime": 1.1548268795013428, "_step": 9, "_wandb": {"runtime": 0}}