{"loss_train": 0.7463977932929993, "loss_validation": 0.6629100441932678, "_timestamp": 1700802409.4897304, "_runtime": 2.1150612831115723, "_step": 13, "_wandb": {"runtime": 0}}