{"loss_train": 0.6374445557594299, "loss_validation": 0.5955401062965393, "_timestamp": 1700802934.9483962, "_runtime": 1.434502124786377, "_step": 5, "_wandb": {"runtime": 0}}