{"loss_train": 24.69135856628418, "loss_validation": 27.77777862548828, "_timestamp": 1700800851.1888232, "_runtime": 1.1282312870025635, "_step": 25, "_wandb": {"runtime": 0}}