{"loss_train": 33.33333206176758, "loss_validation": 27.77777862548828, "_timestamp": 1700801074.1414568, "_runtime": 1.1541049480438232, "_step": 4, "_wandb": {"runtime": 0}}