{"loss_train": 0.6514249444007874, "loss_validation": 0.5914439558982849, "_timestamp": 1700800667.4776323, "_runtime": 1.4648241996765137, "_step": 31, "_wandb": {"runtime": 0}}