{"loss_train": 2.2167468070983887, "loss_validation": 0.6953275203704834, "_timestamp": 1700802131.927131, "_runtime": 0.9958798885345459, "_step": 5, "_wandb": {"runtime": 0}}