{"loss_train": 1.9211485385894775, "loss_validation": 1.0355463027954102, "_timestamp": 1700803028.4059129, "_runtime": 1.0806829929351807, "_step": 11, "_wandb": {"runtime": 0}}