{"loss_train": 0.7402705550193787, "loss_validation": 0.7376521229743958, "_timestamp": 1700802225.1893165, "_runtime": 1.13641357421875, "_step": 20, "_wandb": {"runtime": 0}}