{"loss_train": 37.5, "loss_validation": 27.77777862548828, "_timestamp": 1700802090.1035018, "_runtime": 1.3668336868286133, "_step": 7, "_wandb": {"runtime": 0}}