{"loss_train": 0.5636379718780518, "loss_validation": 0.5908469557762146, "_timestamp": 1700802924.4796185, "_runtime": 1.3987236022949219, "_step": 12, "_wandb": {"runtime": 0}}