{"loss_train": 0.665514349937439, "loss_validation": 0.7195400595664978, "_timestamp": 1700802689.6717064, "_runtime": 1.0658984184265137, "_step": 13, "_wandb": {"runtime": 0}}