{"epoch": 999, "loss_train": 0.01395441871136427, "loss_validation": 0.22033175826072693, "_timestamp": 1700188262.8546312, "_runtime": 54.86811423301697, "_step": 999, "_wandb": {"runtime": 53}}