{"epoch": 617, "loss_train": 0.01449942123144865, "loss_validation": 0.22322377562522888, "_timestamp": 1700189090.3477204, "_runtime": 18.00917935371399, "_step": 617, "_wandb": {"runtime": 16}}