{"loss_train": 0.6480123400688171, "loss_validation": 1.1992363929748535, "_timestamp": 1700802997.8606532, "_runtime": 2.1454341411590576, "_step": 8, "_wandb": {"runtime": 0}}