{"loss_train": 2.0634915828704834, "loss_validation": 1.1075743436813354, "_timestamp": 1700802000.8336284, "_runtime": 1.15794038772583, "_step": 19, "_wandb": {"runtime": 0}}