{"loss_train": 0.64418625831604, "loss_validation": 0.6212330460548401, "_timestamp": 1700802080.053788, "_runtime": 1.703955888748169, "_step": 18, "_wandb": {"runtime": 0}}