{"loss_train": 66.66666412353516, "loss_validation": 72.22222137451172, "_timestamp": 1700802235.7503927, "_runtime": 1.3479585647583008, "_step": 22, "_wandb": {"runtime": 0}}