{"loss_train": 33.33333206176758, "loss_validation": 27.77777862548828, "_timestamp": 1700801126.1975524, "_runtime": 1.0613584518432617, "_step": 5, "_wandb": {"runtime": 0}}