{"loss_train": 0.48054200410842896, "loss_validation": 0.5993015766143799, "_timestamp": 1700800741.242756, "_runtime": 1.6480519771575928, "_step": 11, "_wandb": {"runtime": 0}}