{"loss_train": 28.205127716064453, "loss_validation": 27.77777862548828, "_timestamp": 1700800882.8934782, "_runtime": 1.2859792709350586, "_step": 17, "_wandb": {"runtime": 0}}