{"loss_train": 0.6546800136566162, "loss_validation": 0.5947659611701965, "_timestamp": 1700802533.1262944, "_runtime": 1.2161064147949219, "_step": 19, "_wandb": {"runtime": 0}}