{"loss_train": 0.620235025882721, "loss_validation": 0.8183174133300781, "_timestamp": 1700802011.5943785, "_runtime": 1.181525468826294, "_step": 18, "_wandb": {"runtime": 0}}