{"epoch": 18, "loss_train": 0.25251731276512146, "loss_validation": 0.5787897109985352, "_timestamp": 1700189191.8674188, "_runtime": 1.8737897872924805, "_step": 18, "_wandb": {"runtime": 0}}