{"loss_train": 30.303030014038086, "loss_validation": 27.77777862548828, "_timestamp": 1700802256.5822043, "_runtime": 1.0696532726287842, "_step": 11, "_wandb": {"runtime": 0}}