{"epoch": 886, "loss_train": 0.012561197392642498, "loss_validation": 0.219068706035614, "_timestamp": 1700188322.8987644, "_runtime": 26.314800262451172, "_step": 886, "_wandb": {"runtime": 25}}