{"loss_train": 0.610118567943573, "loss_validation": 0.5918813347816467, "_timestamp": 1700800839.9368777, "_runtime": 1.1395766735076904, "_step": 11, "_wandb": {"runtime": 0}}