{"epoch": 916, "loss_train": 0.003970149904489517, "loss_validation": 0.2577241361141205, "_timestamp": 1700186486.7089665, "_runtime": 45.070045471191406, "_step": 916, "_wandb": {"runtime": 43}}