{"loss_train": 2.674614667892456, "loss_validation": 0.6919726729393005, "_timestamp": 1700802913.9123087, "_runtime": 1.2443525791168213, "_step": 19, "_wandb": {"runtime": 0}}