{"loss_train": 0.6235848665237427, "loss_validation": 0.648456335067749, "_timestamp": 1700802194.3291342, "_runtime": 1.133615255355835, "_step": 8, "_wandb": {"runtime": 0}}