{"loss_train": 0.7334462404251099, "loss_validation": 0.5930142998695374, "_timestamp": 1700802606.4903185, "_runtime": 1.062631607055664, "_step": 17, "_wandb": {"runtime": 0}}