{"epoch": 413, "loss_train": 0.04259394854307175, "loss_validation": 0.2726610004901886, "_timestamp": 1700188170.6390586, "_runtime": 17.13870668411255, "_step": 413, "_wandb": {"runtime": 16}}