{"loss_train": 0.7075559496879578, "loss_validation": 0.5919815897941589, "_timestamp": 1700802596.208576, "_runtime": 1.0952129364013672, "_step": 11, "_wandb": {"runtime": 0}}