{"loss_train": 0.5646486282348633, "loss_validation": 0.5904345512390137, "_timestamp": 1700802658.4104521, "_runtime": 1.0885460376739502, "_step": 16, "_wandb": {"runtime": 0}}