{"loss_train": 0.6450805068016052, "loss_validation": 0.5918147563934326, "_timestamp": 1700802460.6292455, "_runtime": 1.102846622467041, "_step": 12, "_wandb": {"runtime": 0}}