{"loss_train": 27.272727966308594, "loss_validation": 27.77777862548828, "_timestamp": 1700802044.5650554, "_runtime": 2.2716894149780273, "_step": 204, "_wandb": {"runtime": 1}}