{"epoch": 917, "loss_train": 0.004218362737447023, "loss_validation": 0.25166985392570496, "_timestamp": 1700186150.736641, "_runtime": 24.97755193710327, "_step": 917, "_wandb": {"runtime": 23}}