{"epoch": 917, "loss_train": 0.004218362737447023, "loss_validation": 0.25166985392570496, "_timestamp": 1700185745.869684, "_runtime": 39.15289497375488, "_step": 917, "_wandb": {"runtime": 37}}