{"loss_train": 0.6777614951133728, "loss_validation": 0.6188549995422363, "_timestamp": 1700802314.6318488, "_runtime": 1.3335187435150146, "_step": 24, "_wandb": {"runtime": 0}}