{"loss_train": 0.708629846572876, "loss_validation": 2.9371981620788574, "_timestamp": 1700802522.6288931, "_runtime": 1.1474292278289795, "_step": 15, "_wandb": {"runtime": 0}}