{"loss_train": 0.60914146900177, "loss_validation": 0.5895931720733643, "_timestamp": 1700800939.5462928, "_runtime": 1.1112077236175537, "_step": 16, "_wandb": {"runtime": 0}}