{"loss_train": 0.6601580381393433, "loss_validation": 0.5964565277099609, "_timestamp": 1700800688.6881936, "_runtime": 1.0362145900726318, "_step": 6, "_wandb": {"runtime": 0}}