{"epoch": 720, "loss_train": 0.01222214475274086, "loss_validation": 0.21962720155715942, "_timestamp": 1700188737.721525, "_runtime": 20.657933950424194, "_step": 720, "_wandb": {"runtime": 19}}