{"loss_train": 0.6689053773880005, "loss_validation": 0.5908061861991882, "_timestamp": 1700802627.3700836, "_runtime": 1.4079456329345703, "_step": 25, "_wandb": {"runtime": 0}}