{"loss_train": 66.66666412353516, "loss_validation": 72.22222137451172, "_timestamp": 1700802772.918438, "_runtime": 1.0613689422607422, "_step": 12, "_wandb": {"runtime": 0}}