{"loss_train": 0.6050243377685547, "loss_validation": 0.6012976169586182, "_timestamp": 1700802700.5197713, "_runtime": 1.12943434715271, "_step": 9, "_wandb": {"runtime": 0}}