{"loss_train": 0.558763861656189, "loss_validation": 0.5899235010147095, "_timestamp": 1700800862.4804113, "_runtime": 1.264369249343872, "_step": 16, "_wandb": {"runtime": 0}}