{"epoch": 882, "loss_train": 0.012551904655992985, "loss_validation": 0.21903949975967407, "_timestamp": 1700188698.0511425, "_runtime": 24.512577533721924, "_step": 882, "_wandb": {"runtime": 23}}