{"loss_train": 0.6396965980529785, "loss_validation": 0.6067395806312561, "_timestamp": 1700802965.4717891, "_runtime": 1.3154661655426025, "_step": 11, "_wandb": {"runtime": 0}}