{"epoch": 917, "loss_train": 0.004218362737447023, "loss_validation": 0.25166985392570496, "_timestamp": 1700187357.7229896, "_runtime": 38.94690656661987, "_step": 917, "loss_valid": 0.5909922122955322, "_wandb": {"runtime": 37}}