{"epoch": 617, "loss_train": 0.01449942123144865, "loss_validation": 0.22322377562522888, "_timestamp": 1700188416.528242, "_runtime": 16.81134605407715, "_step": 617, "_wandb": {"runtime": 15}}