{"loss_train": 0.01449942123144865, "loss_validation": 0.22322377562522888, "_timestamp": 1700693020.7343671, "_runtime": 27.747887134552002, "_step": 617, "_wandb": {"runtime": 27}}