{"loss_train": 0.5899839997291565, "loss_validation": 0.5909352898597717, "_timestamp": 1700802502.5341322, "_runtime": 1.1805193424224854, "_step": 15, "_wandb": {"runtime": 0}}