{"loss_train": 66.66666412353516, "loss_validation": 72.22222137451172, "_timestamp": 1700802679.6906455, "_runtime": 1.498429536819458, "_step": 4, "_wandb": {"runtime": 0}}