{"loss_train": 0.562761664390564, "loss_validation": 0.6767982840538025, "_timestamp": 1700800980.7933464, "_runtime": 1.0257954597473145, "_step": 8, "_wandb": {"runtime": 0}}