{"loss_train": 0.9955139756202698, "loss_validation": 0.617419421672821, "_timestamp": 1700801043.2932084, "_runtime": 1.0835182666778564, "_step": 9, "_wandb": {"runtime": 0}}