{"epoch": 369, "loss_train": 0.015033220872282982, "loss_validation": 0.26573634147644043, "_timestamp": 1700187787.3322487, "_runtime": 10.293753623962402, "_step": 369, "_wandb": {"runtime": 9}}