{"loss_train": 0.6341748833656311, "loss_validation": 0.6340646147727966, "_timestamp": 1700802903.187867, "_runtime": 1.052790880203247, "_step": 5, "_wandb": {"runtime": 0}}