{"loss_train": 0.5998712778091431, "loss_validation": 0.5975179076194763, "_timestamp": 1700801980.6494348, "_runtime": 1.1191637516021729, "_step": 24, "_wandb": {"runtime": 0}}