{"loss_train": 1.2961697578430176, "loss_validation": 0.7025021314620972, "_timestamp": 1700802101.8479216, "_runtime": 2.6369056701660156, "_step": 23, "_wandb": {"runtime": 0}}