{"loss_train": 0.5711406469345093, "loss_validation": 0.5689305067062378, "_timestamp": 1700800950.3439412, "_runtime": 1.1449573040008545, "_step": 24, "_wandb": {"runtime": 0}}