{"loss_train": 26.923076629638672, "loss_validation": 27.77777862548828, "_timestamp": 1700800489.732548, "_runtime": 1.1979649066925049, "_step": 4, "_wandb": {"runtime": 0}}