{"loss_train": 0.5925549268722534, "loss_validation": 0.6037166714668274, "_timestamp": 1700801001.4872866, "_runtime": 1.064833641052246, "_step": 13, "_wandb": {"runtime": 0}}