{"loss_train": 70.5882339477539, "loss_validation": 72.22222137451172, "_timestamp": 1700802398.18813, "_runtime": 1.0874648094177246, "_step": 17, "_wandb": {"runtime": 0}}