{"loss_train": 0.6105194687843323, "loss_validation": 0.5903652906417847, "_timestamp": 1700800678.3274121, "_runtime": 1.0363812446594238, "_step": 6, "_wandb": {"runtime": 0}}