{"loss_train": 0.6717027425765991, "loss_validation": 0.5929383039474487, "_timestamp": 1700802731.9777255, "_runtime": 1.215355396270752, "_step": 22, "_wandb": {"runtime": 0}}