{"epoch": 617, "loss_train": 0.01449942123144865, "loss_validation": 0.22322377562522888, "_timestamp": 1700193164.995361, "_runtime": 40.89405918121338, "_step": 617, "_wandb": {"runtime": 216}}