{"loss_train": 0.607795000076294, "loss_validation": 0.5974228978157043, "_timestamp": 1700803007.4439313, "_runtime": 1.2810583114624023, "_step": 18, "_wandb": {"runtime": 0}}