{"loss_train": 74.35897064208984, "loss_validation": 55.369384765625, "_timestamp": 1700802152.4860814, "_runtime": 1.081557273864746, "_step": 10, "_wandb": {"runtime": 0}}