{"loss_train": 0.656787097454071, "loss_validation": 0.6413570046424866, "_timestamp": 1700800657.5660079, "_runtime": 1.0169267654418945, "_step": 5, "_wandb": {"runtime": 0}}