{"loss_train": 33.33333206176758, "loss_validation": 27.77777862548828, "_timestamp": 1700802033.014844, "_runtime": 1.158383846282959, "_step": 13, "_wandb": {"runtime": 0}}