{"loss_train": 0.5609113574028015, "loss_validation": 0.5900149345397949, "_timestamp": 1700802861.2692318, "_runtime": 1.021655797958374, "_step": 8, "_wandb": {"runtime": 0}}