{"loss_train": 0.6381186246871948, "loss_validation": 0.590888500213623, "_timestamp": 1700800730.287585, "_runtime": 1.008971929550171, "_step": 13, "_wandb": {"runtime": 0}}