{"loss_train": 0.7606463432312012, "loss_validation": 1.2202738523483276, "_timestamp": 1700800647.0650141, "_runtime": 1.0858850479125977, "_step": 3, "_wandb": {"runtime": 0}}