{"epoch": 20, "loss_train": 0.2079986333847046, "loss_validation": 0.5780757665634155, "_timestamp": 1700186296.4116626, "_runtime": 1.877436637878418, "_step": 20, "_wandb": {"runtime": 0}}