{"loss_train": 26.785715103149414, "loss_validation": 27.77777862548828, "_timestamp": 1700802470.8084083, "_runtime": 1.1685173511505127, "_step": 16, "_wandb": {"runtime": 0}}