{"loss_train": 0.0, "loss_validation": 27.77777862548828, "_timestamp": 1700802122.0769622, "_runtime": 1.563655138015747, "_step": 20, "_wandb": {"runtime": 0}}