{"loss_train": 0.5484353303909302, "loss_validation": 0.5913439989089966, "_timestamp": 1700802743.1089838, "_runtime": 1.8835368156433105, "_step": 13, "_wandb": {"runtime": 1}}