{"loss_train": 26.190475463867188, "loss_validation": 27.77777862548828, "_timestamp": 1700801115.6094794, "_runtime": 0.9978783130645752, "_step": 11, "_wandb": {"runtime": 0}}