{"loss_train": 71.15384674072266, "loss_validation": 72.22222137451172, "_timestamp": 1700801990.975753, "_runtime": 1.0642969608306885, "_step": 7, "_wandb": {"runtime": 0}}