{"loss_train": 25.51214599609375, "loss_validation": 19.394350051879883, "_timestamp": 1700802954.8402202, "_runtime": 1.2001311779022217, "_step": 25, "_wandb": {"runtime": 0}}