{"epoch": 5, "loss_train": 0.2589949071407318, "loss_validation": 0.5890263319015503, "_timestamp": 1700235051.873281, "_runtime": 1.1328809261322021, "_step": 5, "_wandb": {"runtime": 8}}