{"loss_train": 33.33333206176758, "loss_validation": 27.77777862548828, "_timestamp": 1700801032.8110974, "_runtime": 1.0298044681549072, "_step": 11, "_wandb": {"runtime": 0}}