{"loss_train": 33.33333206176758, "loss_validation": 27.77777862548828, "_timestamp": 1700802565.6695967, "_runtime": 1.4762017726898193, "_step": 7, "_wandb": {"runtime": 0}}