{"epoch": 917, "loss_train": 0.004218362737447023, "loss_validation": 0.25166985392570496, "_timestamp": 1700184680.4217153, "_runtime": 40.77070236206055, "_step": 917, "_wandb": {"runtime": 39}}