{"loss_train": 0.01449942123144865, "loss_validation": 0.22322377562522888, "_timestamp": 1700694378.3731334, "_runtime": 20.181230306625366, "_step": 617, "_wandb": {"runtime": 19}}