{"loss_train": 0.553508996963501, "loss_validation": 0.5895445346832275, "_timestamp": 1700802162.783955, "_runtime": 1.0101501941680908, "_step": 20, "_wandb": {"runtime": 0}}