{"loss_train": 0.700985312461853, "loss_validation": 0.5925279259681702, "_timestamp": 1700800992.1206179, "_runtime": 1.921482801437378, "_step": 12, "_wandb": {"runtime": 0}}