{"epoch": 22, "loss_train": 0.5335791110992432, "loss_validation": 0.5749127864837646, "_timestamp": 1700189130.998733, "_runtime": 1.949368953704834, "_step": 22, "_wandb": {"runtime": 0}}