{"loss_train": 0.5088197588920593, "loss_validation": 0.5821148753166199, "_timestamp": 1700802986.21563, "_runtime": 1.342818021774292, "_step": 3, "_wandb": {"runtime": 0}}