{"loss_train": 1.0235437154769897, "loss_validation": 0.7480098009109497, "_timestamp": 1700802388.5321178, "_runtime": 1.9682798385620117, "_step": 10, "_wandb": {"runtime": 0}}