{"loss_train": 0.6441279053688049, "loss_validation": 0.594139575958252, "_timestamp": 1700802512.7146888, "_runtime": 1.6507458686828613, "_step": 24, "_wandb": {"runtime": 0}}