{"loss_train": 26.923076629638672, "loss_validation": 27.77777862548828, "_timestamp": 1700800782.3313057, "_runtime": 1.063004732131958, "_step": 20, "_wandb": {"runtime": 0}}