{"epoch": 8, "loss_train": 0.2493906021118164, "loss_validation": 0.5801419019699097, "_timestamp": 1700188656.7246745, "_runtime": 1.601583480834961, "_step": 8, "_wandb": {"runtime": 0}}