{"epoch": 26, "loss_train": 0.2416752427816391, "loss_validation": 0.5751616358757019, "_timestamp": 1700189171.6791644, "_runtime": 2.5667834281921387, "_step": 26, "_wandb": {"runtime": 1}}