{"loss_train": 0.42473942041397095, "loss_validation": 0.8742926120758057, "_timestamp": 1700801063.7282412, "_runtime": 1.2105193138122559, "_step": 20, "_wandb": {"runtime": 0}}