{"loss_train": 0.7567866444587708, "loss_validation": 1.11589515209198, "_timestamp": 1700800501.001703, "_runtime": 1.1357100009918213, "_step": 14, "_wandb": {"runtime": 0}}