{"epoch": 917, "loss_train": 0.004218362737447023, "loss_validation": 0.25166985392570496, "_timestamp": 1700187455.7389145, "_runtime": 25.948362588882446, "_step": 917, "_wandb": {"runtime": 24}}