{"loss_train": 26.153846740722656, "loss_validation": 27.77777862548828, "_timestamp": 1700803017.7715056, "_runtime": 1.111865520477295, "_step": 20, "_wandb": {"runtime": 0}}