{"loss_train": 68.75, "loss_validation": 72.22222137451172, "_timestamp": 1700802585.8297312, "_runtime": 1.1040921211242676, "_step": 12, "_wandb": {"runtime": 0}}