{"loss_train": 0.5512122511863708, "loss_validation": 0.6027695536613464, "_timestamp": 1700802366.4363997, "_runtime": 1.119776725769043, "_step": 16, "_wandb": {"runtime": 0}}