{"epoch": 617, "loss_train": 0.01449942123144865, "loss_validation": 0.22322377562522888, "_timestamp": 1700193399.262434, "_runtime": 33.028992891311646, "_step": 617, "_wandb": {"runtime": 609}}