{"loss_train": 0.2345373034477234, "loss_validation": 0.6087636351585388, "_timestamp": 1700802111.1321099, "_runtime": 0.9843728542327881, "_step": 3, "_wandb": {"runtime": 0}}