{"loss_train": 0.5630573630332947, "loss_validation": 0.5890227556228638, "_timestamp": 1700800720.9755788, "_runtime": 2.0627787113189697, "_step": 211, "_wandb": {"runtime": 1}}