{"epoch": 999, "loss_train": 0.01395441871136427, "loss_validation": 0.22033175826072693, "_timestamp": 1700187869.7511027, "_runtime": 31.621466636657715, "_step": 999, "_wandb": {"runtime": 30}}