{"loss_train": 0.6493370532989502, "loss_validation": 0.6166779398918152, "_timestamp": 1700802356.1363072, "_runtime": 1.1330792903900146, "_step": 22, "_wandb": {"runtime": 0}}