{"loss_train": 0.672602653503418, "loss_validation": 0.5961724519729614, "_timestamp": 1700803049.667234, "_runtime": 1.473742961883545, "_step": 18, "_wandb": {"runtime": 0}}