{"loss_train": 0.034766554832458496, "loss_validation": 0.3212786018848419, "_timestamp": 1700802067.8466852, "_runtime": 5.392637252807617, "_step": 878, "_wandb": {"runtime": 4}}