{"loss_train": 26.5625, "loss_validation": 27.77777862548828, "_timestamp": 1700802336.360981, "_runtime": 1.8153069019317627, "_step": 11, "_wandb": {"runtime": 0}}