{"loss_train": 0.60874342918396, "loss_validation": 0.5964627861976624, "_timestamp": 1700802205.27349, "_runtime": 1.2243719100952148, "_step": 15, "_wandb": {"runtime": 0}}