{"loss_train": 75.0, "loss_validation": 72.22222137451172, "_timestamp": 1700800970.6801703, "_runtime": 1.3956542015075684, "_step": 7, "_wandb": {"runtime": 0}}